﻿<CustomObject Id="10116" Name="BankAccountType" CoLabel="Tipo de cuenta banco" Description="" DesignerData="" IsAgentVisible="True" IsAnalyticsVisible="True" IsSubclass="False" IsMenu="False" IsMenuOnlyClass="False" HasLabels="False" HasDescription="False" HasNotes="False" HasFileAttachment="False" IsLogTransactionsEnabled="True" HasUserTransactions="False" HasSequence="False" AllowsSPMSuppression="False"><Package Name="SQUADRA" Id="4" /><InterfaceLabels><InterfaceLabel Language="es_ES" Label="Tipo de cuenta banco" Description="" /></InterfaceLabels><Keys><Key Id="10474" KeyType="1"><Fields><Field Id="10927" /></Fields></Key></Keys><Fields><Field Id="10927" Label="ID" Description="Campo del sistema" Name="ID" DataTypeName="Número entero" DataType="1" IsNullable="False" IsList="False" IsLookup="True" IsCoReadOnly="False" IsAutoUpdate="False" IsSequence="False" IsSystemField="True" /><Field Id="10928" Label="Nombre" Name="Name" DataTypeName="Texto" DataType="2" IsNullable="False" IsList="False" IsLookup="False" IsCoReadOnly="False" IsAutoUpdate="False" IsSequence="False" IsSystemField="False" MaxLength="255" Pattern="" Usage="PlainText" /></Fields><Notes /></CustomObject><!--XKx5pF3vnydsl5Z72cORxKT0LjiqoR8n-->