﻿<CustomObject Id="10072" Name="PayDay" CoLabel="PayDay" Description="" DesignerData="" IsAgentVisible="False" IsAnalyticsVisible="True" IsSubclass="False" IsMenu="True" IsMenuOnlyClass="True" HasLabels="False" HasDescription="False" HasNotes="False" HasFileAttachment="False" IsLogTransactionsEnabled="True" HasUserTransactions="False" HasSequence="True" AllowsSPMSuppression="True"><Package Name="SQUADRA" Id="4" /><MenuItems><MenuItem IsLabelsMenu="False" Name="5" /><MenuItem IsLabelsMenu="False" Name="20" /></MenuItems><InterfaceLabels><InterfaceLabel Language="es_ES" Label="PayDay" Description="" /></InterfaceLabels><Keys><Key Id="10304" KeyType="1"><Fields><Field Id="10594" /></Fields></Key><Key Id="10305" KeyType="3"><Fields><Field Id="10595" /></Fields></Key></Keys><Fields><Field Id="10593" Label="DisplayOrder" Description="Campo del sistema" Name="DisplayOrder" DataTypeName="Número entero" DataType="1" IsNullable="False" IsList="False" IsLookup="False" IsCoReadOnly="False" IsAutoUpdate="False" IsSequence="True" IsSystemField="True" /><Field Id="10594" Label="ID" Description="Campo del sistema" Name="ID" DataTypeName="Número entero" DataType="1" IsNullable="False" IsList="False" IsLookup="False" IsCoReadOnly="False" IsAutoUpdate="False" IsSequence="False" IsSystemField="True" /><Field Id="10595" Label="Name" Description="Campo del sistema" Name="Name" DataTypeName="Texto" DataType="2" IsNullable="False" IsList="False" IsLookup="True" IsCoReadOnly="False" IsAutoUpdate="False" IsSequence="False" IsSystemField="True" MaxLength="40" Pattern="" Usage="PlainText" /></Fields><Notes /></CustomObject><!--P65F8/EfeG46TN5ZZOOw4QZedlrLvdmMrxKP-->