﻿<CustomObject Id="10115" Name="Bank" CoLabel="Bank" Description="" DesignerData="" IsAgentVisible="True" IsAnalyticsVisible="True" IsSubclass="False" IsMenu="False" IsMenuOnlyClass="False" HasLabels="False" HasDescription="False" HasNotes="False" HasFileAttachment="False" IsLogTransactionsEnabled="True" HasUserTransactions="False" HasSequence="False" AllowsSPMSuppression="False"><Package Name="SQUADRA" Id="4" /><InterfaceLabels><InterfaceLabel Language="es_ES" Label="Bank" Description="" /></InterfaceLabels><Keys><Key Id="10473" KeyType="1"><Fields><Field Id="10923" /></Fields></Key></Keys><Fields><Field Id="10923" Label="ID" Description="Campo del sistema" Name="ID" DataTypeName="Número entero" DataType="1" IsNullable="False" IsList="False" IsLookup="True" IsCoReadOnly="False" IsAutoUpdate="False" IsSequence="False" IsSystemField="True" /><Field Id="10924" Label="Nombre" Name="Name" DataTypeName="Texto" DataType="2" IsNullable="False" IsList="False" IsLookup="False" IsCoReadOnly="False" IsAutoUpdate="False" IsSequence="False" IsSystemField="False" MaxLength="255" Pattern="" Usage="PlainText" /><Field Id="10925" Label="SBIF" Name="SBIF" DataTypeName="Texto" DataType="2" IsNullable="True" IsList="False" IsLookup="False" IsCoReadOnly="False" IsAutoUpdate="False" IsSequence="False" IsSystemField="False" MaxLength="255" Pattern="" Usage="PlainText" /><Field Id="10926" Label="id iaxis" Name="id_iaxis" DataTypeName="Texto" DataType="2" IsNullable="False" IsList="False" IsLookup="False" IsCoReadOnly="False" IsAutoUpdate="False" IsSequence="False" IsSystemField="False" MaxLength="255" Pattern="" Usage="PlainText" /><Field Id="10998" Label="Habilitado" Name="Enabled" DataTypeName="Sí/No" DataType="3" IsNullable="True" IsList="False" IsLookup="False" IsCoReadOnly="False" IsAutoUpdate="False" IsSequence="False" IsSystemField="False" ServerDefaultValue="1" /><Field Id="10999" Label="Es Chileno" Name="IsChilean" DataTypeName="Sí/No" DataType="3" IsNullable="True" IsList="False" IsLookup="False" IsCoReadOnly="False" IsAutoUpdate="False" IsSequence="False" IsSystemField="False" ServerDefaultValue="1" /></Fields><Notes /></CustomObject><!--zSSXmgXbHPJ3qRDK6EBDjtjRIl7REzHvBGc=-->