﻿<CustomObject Id="10052" Name="Plan" CoLabel="Plan" Description="" DesignerData="" IsAgentVisible="True" IsAnalyticsVisible="True" IsSubclass="False" IsMenu="False" IsMenuOnlyClass="False" HasLabels="False" HasDescription="False" HasNotes="False" HasFileAttachment="True" IsLogTransactionsEnabled="True" HasUserTransactions="False" HasSequence="False" AllowsSPMSuppression="False"><Package Name="REALE" Id="2" /><InterfaceLabels><InterfaceLabel Language="es_ES" Label="Plan" Description="" /></InterfaceLabels><Keys><Key Id="10204" KeyType="1"><Fields><Field Id="10416" /></Fields></Key><Key Id="10205" KeyType="3"><Fields><Field Id="10420" /></Fields></Key><Key Id="10206" KeyType="3"><Fields><Field Id="10422" /></Fields></Key><Key Id="10207" KeyType="3"><Fields><Field Id="10418" /></Fields></Key><Key Id="10208" KeyType="3"><Fields><Field Id="10424" /></Fields></Key></Keys><Fields><Field Id="10416" Label="ID" Description="Campo del sistema" Name="ID" DataTypeName="Número entero" DataType="1" IsNullable="False" IsList="False" IsLookup="False" IsCoReadOnly="False" IsAutoUpdate="False" IsSequence="False" IsSystemField="True" /><Field Id="10419" Label="Fecha de creación" Description="Campo del sistema" Name="CreatedTime" DataTypeName="Fecha/Hora" DataType="5" IsNullable="True" IsList="False" IsLookup="False" IsCoReadOnly="True" IsAutoUpdate="False" IsSequence="False" IsSystemField="True" ServerDefaultValue="curTime" /><Field Id="10420" Label="Creado por" Description="Campo del sistema" Name="CreatedByAccount" DataTypeName="Menú" DataType="6" IsNullable="True" IsList="False" IsLookup="False" IsCoReadOnly="True" IsAutoUpdate="False" IsSequence="False" IsSystemField="True" ServerDefaultValue="curAdminUser" OptListId="2" /><Field Id="10421" Label="Fecha de última actualización" Description="Campo del sistema" Name="UpdatedTime" DataTypeName="Fecha/Hora" DataType="5" IsNullable="True" IsList="False" IsLookup="False" IsCoReadOnly="True" IsAutoUpdate="True" IsSequence="False" IsSystemField="True" ServerDefaultValue="curTime" /><Field Id="10422" Label="Actualizado por" Description="Campo del sistema" Name="UpdatedByAccount" DataTypeName="Menú" DataType="6" IsNullable="True" IsList="False" IsLookup="False" IsCoReadOnly="True" IsAutoUpdate="True" IsSequence="False" IsSystemField="True" ServerDefaultValue="curAdminUser" OptListId="2" /><Field Id="10423" Label="Archivos anexos" Description="Archivos anexos para el objeto" Name="FileAttachments" DataTypeName="Archivos" DataType="17" IsNullable="True" IsList="True" IsLookup="False" IsCoReadOnly="False" IsAutoUpdate="False" IsSequence="False" IsSystemField="True" /><Field Id="10417" Label="Código" Name="Code" DataTypeName="Texto" DataType="2" IsNullable="False" IsList="False" IsLookup="False" IsCoReadOnly="False" IsAutoUpdate="False" IsSequence="False" IsSystemField="False" MaxLength="255" Pattern="" Usage="PlainText" /><Field Id="10418" Label="Nombre" Name="Name" DataTypeName="Texto" DataType="2" IsNullable="False" IsList="False" IsLookup="True" IsCoReadOnly="False" IsAutoUpdate="False" IsSequence="False" IsSystemField="False" MaxLength="255" Pattern="" Usage="PlainText" /><Field Id="10424" Label="DeclarationDetail" Name="DeclarationDetail" DataTypeName="Número entero" DataType="1" IsNullable="True" IsList="False" IsLookup="False" IsCoReadOnly="False" IsAutoUpdate="False" IsSequence="False" IsSystemField="False" /></Fields><Notes /></CustomObject><!--z5RM3U4FE6F1pCvMZwAt8NgGH9IsyT2znA==-->