﻿<CustomObject Id="10069" Name="PaymentMethod" CoLabel="Método de Pago" Description="" DesignerData="" IsAgentVisible="True" IsAnalyticsVisible="True" IsSubclass="False" IsMenu="False" IsMenuOnlyClass="False" HasLabels="False" HasDescription="False" HasNotes="False" HasFileAttachment="False" IsLogTransactionsEnabled="True" HasUserTransactions="False" HasSequence="False" AllowsSPMSuppression="False"><Package Name="SQUADRA" Id="4" /><InterfaceLabels><InterfaceLabel Language="es_ES" Label="Método de Pago" Description="" /></InterfaceLabels><Keys><Key Id="10299" KeyType="1"><Fields><Field Id="10581" /></Fields></Key><Key Id="10306" KeyType="3"><Fields><Field Id="10596" /></Fields></Key><Key Id="10307" KeyType="3"><Fields><Field Id="10597" /></Fields></Key><Key Id="10308" KeyType="3"><Fields><Field Id="10600" /></Fields></Key><Key Id="10478" KeyType="3"><Fields><Field Id="10933" /></Fields></Key><Key Id="10479" KeyType="3"><Fields><Field Id="10934" /></Fields></Key><Key Id="10511" KeyType="3"><Fields><Field Id="10990" /></Fields></Key><Key Id="10516" KeyType="3"><Fields><Field Id="10997" /></Fields></Key></Keys><Fields><Field Id="10581" Label="ID" Description="Campo del sistema" Name="ID" DataTypeName="Número entero" DataType="1" IsNullable="False" IsList="False" IsLookup="True" IsCoReadOnly="False" IsAutoUpdate="False" IsSequence="False" IsSystemField="True" /><Field Id="10582" Label="Banco Emisor" Name="IssuingBank" DataTypeName="Texto" DataType="2" IsNullable="True" IsList="False" IsLookup="False" IsCoReadOnly="False" IsAutoUpdate="False" IsSequence="False" IsSystemField="False" MaxLength="255" Pattern="" Usage="PlainText" /><Field Id="10583" Label="Fecha de Vencimiento" Name="DueDate" DataTypeName="Fecha" DataType="4" IsNullable="True" IsList="False" IsLookup="False" IsCoReadOnly="False" IsAutoUpdate="False" IsSequence="False" IsSystemField="False" /><Field Id="10584" Label="Tarjeta de Credito (número)" Name="CreditCardNumber" DataTypeName="Texto" DataType="2" IsNullable="True" IsList="False" IsLookup="False" IsCoReadOnly="False" IsAutoUpdate="False" IsSequence="False" IsSystemField="False" MaxLength="200" Pattern="" Usage="PlainText" /><Field Id="10585" Label="Número de Cuenta Corriente" Name="CurrentAccountNumber" DataTypeName="Texto" DataType="2" IsNullable="True" IsList="False" IsLookup="False" IsCoReadOnly="False" IsAutoUpdate="False" IsSequence="False" IsSystemField="False" MaxLength="255" Pattern="" Usage="PlainText" /><Field Id="10586" Label="Dirección Completa" Name="FullAdress" DataTypeName="Texto" DataType="2" IsNullable="True" IsList="False" IsLookup="False" IsCoReadOnly="False" IsAutoUpdate="False" IsSequence="False" IsSystemField="False" MaxLength="255" Pattern="" Usage="PlainText" /><Field Id="10596" Label="Número de cuotas" Name="FeeNumber" DataTypeName="Menú" DataType="6" IsNullable="True" IsList="False" IsLookup="False" IsCoReadOnly="False" IsAutoUpdate="False" IsSequence="False" IsSystemField="False" MenuClassId="10071" /><Field Id="10597" Label="Día de Pago" Name="PayDay" DataTypeName="Menú" DataType="6" IsNullable="True" IsList="False" IsLookup="False" IsCoReadOnly="False" IsAutoUpdate="False" IsSequence="False" IsSystemField="False" MenuClassId="10072" /><Field Id="10598" Label="Rut" Name="Rut" DataTypeName="Texto" DataType="2" IsNullable="True" IsList="False" IsLookup="False" IsCoReadOnly="False" IsAutoUpdate="False" IsSequence="False" IsSystemField="False" MaxLength="50" Pattern="" Usage="PlainText" /><Field Id="10599" Label="Nombre Titular" Name="OwnerName" DataTypeName="Texto" DataType="2" IsNullable="True" IsList="False" IsLookup="False" IsCoReadOnly="False" IsAutoUpdate="False" IsSequence="False" IsSystemField="False" MaxLength="255" Pattern="" Usage="PlainText" /><Field Id="10600" Label="Forma de Pago" Name="PayWay" DataTypeName="Menú" DataType="6" IsNullable="True" IsList="False" IsLookup="False" IsCoReadOnly="False" IsAutoUpdate="False" IsSequence="False" IsSystemField="False" MenuClassId="10070" /><Field Id="10921" Label="FechaPendCoor" Name="FechaPendCoor" DataTypeName="Fecha/Hora" DataType="5" IsNullable="True" IsList="False" IsLookup="False" IsCoReadOnly="False" IsAutoUpdate="False" IsSequence="False" IsSystemField="False" /><Field Id="10922" Label="FechaPendInspCliente" Name="FechaPendInspCliente" DataTypeName="Fecha/Hora" DataType="5" IsNullable="True" IsList="False" IsLookup="False" IsCoReadOnly="False" IsAutoUpdate="False" IsSequence="False" IsSystemField="False" /><Field Id="10933" Label="BankAccountType" Name="BankAccountType" DataTypeName="Número entero" DataType="1" IsNullable="True" IsList="False" IsLookup="False" IsCoReadOnly="False" IsAutoUpdate="False" IsSequence="False" IsSystemField="False" /><Field Id="10934" Label="CompensationType" Name="CompensationType" DataTypeName="Número entero" DataType="1" IsNullable="True" IsList="False" IsLookup="False" IsCoReadOnly="False" IsAutoUpdate="False" IsSequence="False" IsSystemField="False" /><Field Id="10935" Label="HigherNominated" Name="HigherNominated" DataTypeName="Texto" DataType="2" IsNullable="True" IsList="False" IsLookup="False" IsCoReadOnly="False" IsAutoUpdate="False" IsSequence="False" IsSystemField="False" MaxLength="255" Pattern="" Usage="PlainText" /><Field Id="10936" Label="BrokerNominated" Name="BrokerNominated" DataTypeName="Texto" DataType="2" IsNullable="True" IsList="False" IsLookup="False" IsCoReadOnly="False" IsAutoUpdate="False" IsSequence="False" IsSystemField="False" MaxLength="255" Pattern="" Usage="PlainText" /><Field Id="10937" Label="Assistance" Name="Assistance" DataTypeName="Texto" DataType="2" IsNullable="True" IsList="False" IsLookup="False" IsCoReadOnly="False" IsAutoUpdate="False" IsSequence="False" IsSystemField="False" MaxLength="255" Pattern="" Usage="PlainText" /><Field Id="10938" Label="HiredPlan" Name="HiredPlan" DataTypeName="Texto" DataType="2" IsNullable="True" IsList="False" IsLookup="False" IsCoReadOnly="False" IsAutoUpdate="False" IsSequence="False" IsSystemField="False" MaxLength="255" Pattern="" Usage="PlainText" /><Field Id="10939" Label="FechaEfecto" Name="FechaEfecto" DataTypeName="Fecha" DataType="4" IsNullable="True" IsList="False" IsLookup="False" IsCoReadOnly="False" IsAutoUpdate="False" IsSequence="False" IsSystemField="False" /><Field Id="10940" Label="Estatus" Name="Estatus" DataTypeName="Texto" DataType="2" IsNullable="True" IsList="False" IsLookup="False" IsCoReadOnly="False" IsAutoUpdate="False" IsSequence="False" IsSystemField="False" MaxLength="255" Pattern="" Usage="PlainText" /><Field Id="10941" Label="Dues" Name="Dues" DataTypeName="Número entero" DataType="1" IsNullable="True" IsList="False" IsLookup="False" IsCoReadOnly="False" IsAutoUpdate="False" IsSequence="False" IsSystemField="False" MaxValue="50" MinValue="0" /><Field Id="10942" Label="Transmission" Name="Transmission" DataTypeName="Texto" DataType="2" IsNullable="True" IsList="False" IsLookup="False" IsCoReadOnly="False" IsAutoUpdate="False" IsSequence="False" IsSystemField="False" MaxLength="255" Pattern="" Usage="PlainText" /><Field Id="10943" Label="CodeVehicle" Name="CodeVehicle" DataTypeName="Texto" DataType="2" IsNullable="True" IsList="False" IsLookup="False" IsCoReadOnly="False" IsAutoUpdate="False" IsSequence="False" IsSystemField="False" MaxLength="255" Pattern="" Usage="PlainText" /><Field Id="10944" Label="activity" Name="activity" DataTypeName="Texto" DataType="2" IsNullable="True" IsList="False" IsLookup="False" IsCoReadOnly="False" IsAutoUpdate="False" IsSequence="False" IsSystemField="False" MaxLength="255" Pattern="" Usage="PlainText" /><Field Id="10945" Label="ProdcutPol" Name="ProdcutPol" DataTypeName="Texto" DataType="2" IsNullable="True" IsList="False" IsLookup="False" IsCoReadOnly="False" IsAutoUpdate="False" IsSequence="False" IsSystemField="False" MaxLength="255" Pattern="" Usage="PlainText" /><Field Id="10954" Label="Role" Name="Rol" DataTypeName="Texto" DataType="2" IsNullable="True" IsList="False" IsLookup="False" IsCoReadOnly="False" IsAutoUpdate="False" IsSequence="False" IsSystemField="False" MaxLength="255" Pattern="" Usage="PlainText" /><Field Id="10955" Label="ModalidadIngreso" Name="ModalidadIngreso" DataTypeName="Texto" DataType="2" IsNullable="True" IsList="False" IsLookup="False" IsCoReadOnly="False" IsAutoUpdate="False" IsSequence="False" IsSystemField="False" MaxLength="255" Pattern="" Usage="PlainText" /><Field Id="10990" Label="Plan" Name="Plan" DataTypeName="Número entero" DataType="1" IsNullable="True" IsList="False" IsLookup="False" IsCoReadOnly="False" IsAutoUpdate="False" IsSequence="False" IsSystemField="False" /><Field Id="10997" Label="Bank" Name="Bank" DataTypeName="Número entero" DataType="1" IsNullable="True" IsList="False" IsLookup="False" IsCoReadOnly="False" IsAutoUpdate="False" IsSequence="False" IsSystemField="False" /><Field Id="11003" Label="Liquidador Nominado" Name="LiquidatorNominated" DataTypeName="Texto" DataType="2" IsNullable="True" IsList="False" IsLookup="False" IsCoReadOnly="False" IsAutoUpdate="False" IsSequence="False" IsSystemField="False" MaxLength="255" Pattern="" Usage="PlainText" /><Field Id="11006" Label="Liquidador Nominado" Name="LiquidatorNominatedAreText" DataTypeName="Texto" DataType="2" IsNullable="True" IsList="False" IsLookup="False" IsCoReadOnly="False" IsAutoUpdate="False" IsSequence="False" IsSystemField="False" MaxLength="" Pattern="" Usage="LongText" /></Fields><Notes /></CustomObject><!--Xju22wA1wa1eKVzHMcqTdK03ImAhElEz-->