﻿<CustomObject Id="10070" Name="PayWay" CoLabel="PayWay" Description="" DesignerData="" IsAgentVisible="False" IsAnalyticsVisible="True" IsSubclass="False" IsMenu="True" IsMenuOnlyClass="True" HasLabels="False" HasDescription="False" HasNotes="False" HasFileAttachment="False" IsLogTransactionsEnabled="True" HasUserTransactions="False" HasSequence="True" AllowsSPMSuppression="True"><Package Name="SQUADRA" Id="4" /><MenuItems><MenuItem IsLabelsMenu="False" Name="PAT" /><MenuItem IsLabelsMenu="False" Name="PAC" /><MenuItem IsLabelsMenu="False" Name="Efectivo" /></MenuItems><InterfaceLabels><InterfaceLabel Language="es_ES" Label="PayWay" Description="" /></InterfaceLabels><Keys><Key Id="10300" KeyType="1"><Fields><Field Id="10588" /></Fields></Key><Key Id="10301" KeyType="3"><Fields><Field Id="10589" /></Fields></Key></Keys><Fields><Field Id="10587" Label="DisplayOrder" Description="Campo del sistema" Name="DisplayOrder" DataTypeName="Número entero" DataType="1" IsNullable="False" IsList="False" IsLookup="False" IsCoReadOnly="False" IsAutoUpdate="False" IsSequence="True" IsSystemField="True" /><Field Id="10588" Label="ID" Description="Campo del sistema" Name="ID" DataTypeName="Número entero" DataType="1" IsNullable="False" IsList="False" IsLookup="False" IsCoReadOnly="False" IsAutoUpdate="False" IsSequence="False" IsSystemField="True" /><Field Id="10589" Label="Name" Description="Campo del sistema" Name="Name" DataTypeName="Texto" DataType="2" IsNullable="False" IsList="False" IsLookup="True" IsCoReadOnly="False" IsAutoUpdate="False" IsSequence="False" IsSystemField="True" MaxLength="40" Pattern="" Usage="PlainText" /></Fields><Notes /></CustomObject><!--yrIGsuSptQRUvZ4UfBWDoGz9ZU0wk5GvRpNJ-->