﻿<CustomObject Id="10071" Name="FeeNumber" CoLabel="FeeNumber" Description="" DesignerData="" IsAgentVisible="False" IsAnalyticsVisible="True" IsSubclass="False" IsMenu="True" IsMenuOnlyClass="True" HasLabels="False" HasDescription="False" HasNotes="False" HasFileAttachment="False" IsLogTransactionsEnabled="True" HasUserTransactions="False" HasSequence="True" AllowsSPMSuppression="True"><Package Name="SQUADRA" Id="4" /><MenuItems><MenuItem IsLabelsMenu="False" Name="1" /><MenuItem IsLabelsMenu="False" Name="2" /><MenuItem IsLabelsMenu="False" Name="3" /><MenuItem IsLabelsMenu="False" Name="4" /><MenuItem IsLabelsMenu="False" Name="5" /><MenuItem IsLabelsMenu="False" Name="6" /><MenuItem IsLabelsMenu="False" Name="7" /><MenuItem IsLabelsMenu="False" Name="8" /><MenuItem IsLabelsMenu="False" Name="9" /><MenuItem IsLabelsMenu="False" Name="10" /><MenuItem IsLabelsMenu="False" Name="11" /></MenuItems><InterfaceLabels><InterfaceLabel Language="es_ES" Label="FeeNumber" Description="" /></InterfaceLabels><Keys><Key Id="10302" KeyType="1"><Fields><Field Id="10591" /></Fields></Key><Key Id="10303" KeyType="3"><Fields><Field Id="10592" /></Fields></Key></Keys><Fields><Field Id="10590" Label="DisplayOrder" Description="Campo del sistema" Name="DisplayOrder" DataTypeName="Número entero" DataType="1" IsNullable="False" IsList="False" IsLookup="False" IsCoReadOnly="False" IsAutoUpdate="False" IsSequence="True" IsSystemField="True" /><Field Id="10591" Label="ID" Description="Campo del sistema" Name="ID" DataTypeName="Número entero" DataType="1" IsNullable="False" IsList="False" IsLookup="False" IsCoReadOnly="False" IsAutoUpdate="False" IsSequence="False" IsSystemField="True" /><Field Id="10592" Label="Name" Description="Campo del sistema" Name="Name" DataTypeName="Texto" DataType="2" IsNullable="False" IsList="False" IsLookup="True" IsCoReadOnly="False" IsAutoUpdate="False" IsSequence="False" IsSystemField="True" MaxLength="40" Pattern="" Usage="PlainText" /></Fields><Notes /></CustomObject><!--K6X/hP2PX3PaYi+yPZdgwl+frIuGCqGNfw==-->