﻿<CustomObject Id="10117" Name="CompensationType" CoLabel="Tipo de compensacion" Description="" DesignerData="" IsAgentVisible="True" IsAnalyticsVisible="True" IsSubclass="False" IsMenu="False" IsMenuOnlyClass="False" HasLabels="False" HasDescription="False" HasNotes="False" HasFileAttachment="False" IsLogTransactionsEnabled="True" HasUserTransactions="False" HasSequence="False" AllowsSPMSuppression="False"><Package Name="SQUADRA" Id="4" /><InterfaceLabels><InterfaceLabel Language="es_ES" Label="Tipo de compensacion" Description="" /></InterfaceLabels><Keys><Key Id="10475" KeyType="1"><Fields><Field Id="10929" /></Fields></Key></Keys><Fields><Field Id="10929" Label="ID" Description="Campo del sistema" Name="ID" DataTypeName="Número entero" DataType="1" IsNullable="False" IsList="False" IsLookup="True" IsCoReadOnly="False" IsAutoUpdate="False" IsSequence="False" IsSystemField="True" /><Field Id="10930" Label="Nombre" Name="Name" DataTypeName="Texto" DataType="2" IsNullable="False" IsList="False" IsLookup="False" IsCoReadOnly="False" IsAutoUpdate="False" IsSequence="False" IsSystemField="False" MaxLength="255" Pattern="" Usage="PlainText" /><Field Id="10996" Label="id_iaxis" Name="id_iaxis" DataTypeName="Número entero" DataType="1" IsNullable="True" IsList="False" IsLookup="False" IsCoReadOnly="False" IsAutoUpdate="False" IsSequence="False" IsSystemField="False" MaxValue="5000" MinValue="0" /></Fields><Notes /></CustomObject><!--pv8fprxLN9PV87JyfbROH3/dB565bdSHqi59-->